test,reference,end_or_quantity,target,measured_min,measured_max,units,passed,capture_file,notes
throttle_software,CMD_RX,PWM_SET,<=2,,,ms,,,
motor_pwm_waveform,PWM_SET,new PWM_OUT duty,record latency,,,us,,,
brake,CMD_RX,DIR_A fall,<=2,,,ms,,,
steering,CMD_RX,new SRV pulse,<=50,,,ms,,,
blinker_response,CMD_RX,selected lamp edge,<=100,,,ms,,,
left_blinker_frequency,FL,10 or more cycles,0.9..1.1,,,Hz,,,
left_blinker_duty,FL,high time divided by period,50 nominal,,,percent,,,
right_blinker_frequency,FR,10 or more cycles,0.9..1.1,,,Hz,,,
right_blinker_duty,FR,high time divided by period,50 nominal,,,percent,,,
left_pair_sync,FL,RL,<=1,,,ms,,,
right_pair_sync,FR,RR,<=1,,,ms,,,
hazard_frequency,FL,10 or more cycles,2 nominal,,,Hz,,,
self_test_brake,CMD_RX for A,DIR_A fall,<=10 target / <=100 checkoff,,,ms,,,
self_test_hazards,CMD_RX for A,hazards entry,<=10 target / <=100 checkoff,,,ms,,,
uart_loss,last CMD_RX,brake and hazards,<=100,,,ms,,,
status_period,PA9 frame start,next PA9 frame start,18..22,,,ms,,,
cold_start,power on,error hazards and dynamic brake,observe,,,,,,
brake_override,both pedals,brake wins,observe,,,,,,
self_test_recovery,A double press,motor normal; servo explicitly rearmed,observe,,,,,,
bad_range,mode bad-range,ERROR_BAD_INPUT and brake hazards,observe,,,,,,
bad_crc,mode bad-crc,ERROR_BAD_INPUT and brake hazards,observe,,,,,,
current_sensors,Part3.5 readings,all three physically calibrated channels,unfinished,,,,,,
